<?xml version="1.0" encoding="UTF-8" standalone="yes"?>
<addon id="plugin.program.teverzwizard" name="[COLOR blue]Teverz Wizard[/COLOR]" version="1.1.4" provider-name="Teverz">
  <requires>
    <import addon="xbmc.python" version="2.1.0"/>
  </requires>
  <extension point="xbmc.python.pluginsource" library="default.py">
    <provides>executable</provides>
  </extension>
  <extension point="xbmc.service" library="startup.py" start="startup" />
  <extension point="xbmc.addon.metadata">
    <summary lang="en">[COLOR blue]Teverz Wizard[/COLOR]</summary>
    <description lang="en">Created by Surfacingx and Modified by Teverz. The Wizard allows you to gain access to the latest Teverz Builds and give you the opportunity to keep your Trakt and Real-Debrid info and much much more.</description>
    <platform>all</platform>
  </extension>
</addon>