<?xml version="1.0" encoding="UTF-8"?>
    <addon id="repository.teverz" name="[COLOR blue]Teverz Addon Repo[/COLOR]" version="2.0.0" provider-name="Teverz">
        <requires>
            <import addon="xbmc.addon" version="12.0.0"/>
        </requires>
        <extension point="xbmc.addon.repository" name="[COLOR blue]Teverz Addon Repo[/COLOR]">
            <info compressed="false">https://github.com/teverz/teverz/raw/master/_repo/addons.xml</info>
            <checksum>https://github.com/teverz/teverz/raw/master/_repo/addons.xml.md5</checksum>
            <datadir zip="true">https://github.com/teverz/teverz/raw/master/_repo/</datadir>
            <hashes>false</hashes>
        </extension>
        <extension point="xbmc.addon.metadata">
            <summary>Contains Teverz Wizard</summary>
            <description>Great Repo for a great wizard</description>
            <platform>all</platform>
    </extension>
</addon>