<?xml version="1.0" encoding="UTF-8"?>
<addon id="repository.colossus" name="[COLOR gold]Colossal Repository[/COLOR]" version="999.999.3" provider-name="Colossal">
    <extension point="xbmc.addon.repository" name="[COLOR gold]Colossal Repository[/COLOR]">
    <dir>
        <info compressed="false">https://raw.githubusercontent.com/Colossal1/repository.colossus.common/master/addons.xml</info>
        <checksum>https://raw.githubusercontent.com/Colossal1/repository.colossus.common/master/addons.xml.md5</checksum>
        <datadir zip="true">https://raw.githubusercontent.com/Colossal1/repository.colossus.common/master/</datadir>
    </dir>
    <dir>
        <info compressed="false">https://gitlab.com/Colossal1/repository.colossus.common/raw/master/addons.xml</info>
        <checksum>https://gitlab.com/Colossal1/repository.colossus.common/raw/master/addons.xml.md5</checksum>
        <datadir zip="true">https://gitlab.com/Colossal1/repository.colossus.common/raw/master/</datadir>
    </dir>
    <dir>
        <info compressed="false">https://archive.org/download/repository.colossus.common/repository.colossus.common/addons.xml</info>
        <checksum>https://archive.org/download/repository.colossus.common/repository.colossus.common/addons.xml.md5</checksum>
        <datadir zip="true">https://archive.org/download/repository.colossus.common/repository.colossus.common/</datadir>
    </dir>
    <dir>
        <info compressed="false">https://gitlab.com/Colossal1/repository.colossus/raw/master/addons.xml</info>
        <checksum>https://gitlab.com/Colossal1/repository.colossus/raw/master/addons.xml.md5</checksum>
        <datadir zip="true">https://gitlab.com/Colossal1/repository.colossus/raw/master/</datadir>
    </dir>
    <dir>
        <info compressed="false">https://archive.org/download/repository.colossus_20170716/repository.colossus/addons.xml</info>
        <checksum>https://archive.org/download/repository.colossus_20170716/repository.colossus/addons.xml.md5</checksum>
        <datadir zip="true">https://archive.org/download/repository.colossus_20170716/repository.colossus/</datadir>
    </dir>
        <info compressed="false">https://raw.githubusercontent.com/Colossal1/repository.colossus/master/addons.xml</info>
        <checksum>https://raw.githubusercontent.com/Colossal1/repository.colossus/master/addons.xml.md5</checksum>
        <datadir zip="true">https://raw.githubusercontent.com/Colossal1/repository.colossus/master/</datadir>
    </extension>
    <extension point="xbmc.addon.metadata">
        <summary>Home Of 3rd Party Addons</summary>
        <description></description>
        <platform>all</platform>
    </extension>
</addon>