<?xml version="1.0" encoding="UTF-8"?>
    <addon id="repository.teverz" name="Teverz Addons" version="1.0.0" provider-name="Teverz">
        <requires>
            <import addon="xbmc.addon" version="12.0.0"/>
        </requires>
        <extension point="xbmc.addon.repository" name="Teverz Addons">
            <info compressed="false">https://raw.githubusercontent.com/teverz/teverz/master/_repo/addons.xml</info>
            <checksum>https://raw.githubusercontent.com/teverz/teverz/master/_repo/addons.xml.md5</checksum>
            <datadir zip="true">https://raw.githubusercontent.com/teverz/teverz/master/_repo/</datadir>
            <hashes>false</hashes>
        </extension>
        <extension point="xbmc.addon.metadata">
            <summary>Contains Teverz Wizard</summary>
            <description>This Repo contains the famous Teverz Wizard. We will be adding more addons as we go</description>
            <platform>all</platform>
    </extension>
</addon>