<?xml version="1.0" encoding="UTF-8" standalone="yes"?>
<addon id="repository.poseidon" name="Poseidon Repo" version="1.0.1" provider-name="Soulless">
	<extension point="xbmc.addon.repository" name="Poseidon Repo">
		<info compressed="false">https://raw.githubusercontent.com/S0u77eSS/noreviews/master/addons.xml</info>
		<checksum>https://raw.githubusercontent.com/S0u77eSS/noreviews/master/addons.xml.md5</checksum>
		<datadir zip="true">https://raw.githubusercontent.com/S0u77eSS/noreviews/master/</datadir>
	</extension>
	<extension point="xbmc.addon.metadata">
		<summary>Poseidon Repo</summary>
		<description>Download and install Poseidon</description>
		<platform>all</platform>
	</extension>
</addon>

