<?xml version="1.0" encoding="UTF-8" standalone="yes"?>
<addon id="repository.kodirevolution" name="Kodi Revolution" version="1.0.0" provider-name="Kodi Revolution">
	<extension point="xbmc.addon.repository" name="Kodi Revolution">
		<info compressed="false">http://mykodirevolution.com/DeLorean/files/addons.xml</info>
		<checksum>http://mykodirevolution.com/DeLorean/files/addons.xml.md5</checksum>
		<datadir zip="true">http://mykodirevolution.com/DeLorean/files/</datadir>
	</extension>
	<extension point="xbmc.addon.metadata">
		<summary></summary>
		<description>This is the Kodi Revolution repository.  Home of The DeLorean Add-on.</description>
		<platform>all</platform>
	</extension>
</addon>

