<?xml version="1.0" encoding="UTF-8"?>
<addon
  id="skin.teverz"
  version="3.9"
  name="Teverz Krypton"
  provider-name="Teverz">
  <requires>
    <import addon="xbmc.gui" version="5.12.0"/>
	  <import addon="script.favourites" version="6.0.3"/>
	  <import addon="service.skin.widgets" version="0.0.32"/>
	  <import addon="service.library.data.provider" version="0.1.6"/>
	  <import addon="script.randomandlastitems" version="2.2.2"/>
  </requires>
  <extension
    point="xbmc.gui.skin"
    debugging="false"
    effectslowdown="1.0">
    <res width="1280" height="720" aspect="16:9" default="true" folder="720p" />
  </extension>
  <extension point="xbmc.addon.metadata">
    <summary lang="en">Teverz Build eXtended MOD of Confluence skin originally by Jezz_X,CCM by Mudislander and Rebuilt by Teverz</summary>
    <summary lang="en_US">Teverz Build eXtended MOD of Confluence skin originally by Jezz_X,CCM by Mudislander and Rebuilt by Teverz</summary>
    <description lang="en"> Teverz Xonfluence is a MOD of Confluence to enable a greater degree of user customisation to the default skin (based by Mudislander's CCM) and Rebuilt by Teverz.</description>
    <description lang="en_US">Teverz Xonfluence is a MOD of Confluence to enable a greater degree of user customisation to the default skin (based by Mudislander's CCM) and Rebuilt by Teverz.</description>
    <disclaimer lang="en">You break it - You get to keep the pieces</disclaimer>
    <disclaimer lang="en_US">You break it - You get to keep the pieces</disclaimer>
    <platform>all</platform>
    <assets>
      <icon>resources/icon.png</icon>
      <fanart>resources/fanart.jpg</fanart>
	    <screenshot>resources/screenshot-01.jpg</screenshot>
	    <screenshot>resources/screenshot-02.jpg</screenshot>
	    <screenshot>resources/screenshot-03.jpg</screenshot>
	    <screenshot>resources/screenshot-04.jpg</screenshot>
	    <screenshot>resources/screenshot-05.jpg</screenshot>
	    <screenshot>resources/screenshot-06.jpg</screenshot>
	    <screenshot>resources/screenshot-07.jpg</screenshot>
	    <screenshot>resources/screenshot-08.jpg</screenshot>
	    <screenshot>resources/screenshot-09.jpg</screenshot>
    </assets>
    <news>See changelog for latest changes</news>
  </extension>
</addon>
