<?xml version="1.0" encoding="UTF-8"?>
    <addon id="repository.teverz" name="[COLOR blue]Teverz Addon Repo[/COLOR]" version="2.0.7" provider-name="Teverz">
        <requires>
            <import addon="xbmc.addon" version="12.0.0"/>
        </requires>
        <extension point="xbmc.addon.repository" name="[COLOR blue]Teverz Addon Repo[/COLOR]">
		<dir>
			<info compressed="false">https://raw.githubusercontent.com/noobsandnerds/modules4all/master/zips/addons.xml</info>
			<checksum>https://raw.githubusercontent.com/noobsandnerds/modules4all/master/zips/addons.xml.md5</checksum>
			<datadir zip="true">https://raw.githubusercontent.com/noobsandnerds/modules4all/master/zips/</datadir>
		</dir>
		<dir>
            <info compressed="false">https://raw.githubusercontent.com/teverz/teverz/master/_repo/addons.xml</info>
            <checksum>https://raw.githubusercontent.com/teverz/teverz/master/addons.xml.md5</checksum>
            <datadir zip="true">https://raw.githubusercontent.com/teverz/teverz/master/_repo/</datadir>
            <hashes>false</hashes>
		</dir>
		<dir>
		<info compressed="false">http://raw.githubusercontent.com/frenchdj/frenchdj.repository/master/addons.xml</info>
		<checksum>http://raw.githubusercontent.com/frenchdj/frenchdj.repository/master/addons.xml.md5</checksum>
		<datadir zip="true">http://raw.githubusercontent.com/frenchdj/frenchdj.repository/master/repo/</datadir>
		</dir>
		<dir>
			<info compressed="false">https://raw.githubusercontent.com/teverz/teverz2/master/zips/addons.xml</info>
			<checksum>https://raw.githubusercontent.com/teverz/teverz2/master/zips/addons.xml.md5</checksum>
			<datadir zip="true">https://raw.githubusercontent.com/teverz/teverz2/master/zips/</datadir>		
		</dir>
		<dir>
			<info compressed="false">http://www.projectdaddon.com/plugins/addons.xml</info>
		    <checksum>http://www.projectdaddon.com/plugins/addons.xml.md5</checksum>
		    <datadir zip="true">http://www.projectdaddon.com/plugins/</datadir>
		</dir>
        </extension>
        <extension point="xbmc.addon.metadata">
            <summary>Contains Covenant</summary>
            <description>Teverz Repo</description>
            <platform>all</platform>
    </extension>
</addon>