<?xml version="1.0" encoding="UTF-8"?>
    <addon id="repository.teverz" name="[COLOR blue]Teverz Addon Repo[/COLOR]" version="2.0.6" provider-name="Teverz">
        <requires>
            <import addon="xbmc.addon" version="12.0.0"/>
        </requires>
        <extension point="xbmc.addon.repository" name="[COLOR blue]Teverz Addon Repo[/COLOR]">
		<dir>
			<info compressed="false">https://raw.githubusercontent.com/noobsandnerds/modules4all/master/zips/addons.xml</info>
			<checksum>https://raw.githubusercontent.com/noobsandnerds/modules4all/master/zips/addons.xml.md5</checksum>
			<datadir zip="true">https://raw.githubusercontent.com/noobsandnerds/modules4all/master/zips/</datadir>
		</dir>
		<dir>
            <info compressed="false">https://github.com/teverz/teverz/raw/master/_repo/addons.xml</info>
            <checksum>https://github.com/teverz/teverz/raw/master/_repo/addons.xml.md5</checksum>
            <datadir zip="true">https://github.com/teverz/teverz/raw/master/_repo/</datadir>
            <hashes>false</hashes>
		</dir>
        </extension>
        <extension point="xbmc.addon.metadata">
            <summary>Contains Covenant</summary>
            <description>Teverz Repo</description>
            <platform>all</platform>
    </extension>
</addon>