<?xml version="1.0" encoding="UTF-8"?>
<addon id="repository.teverz" name="[COLOR blue]Teverz Addon Repo[/COLOR]" version="2.1.1" provider-name="Teverz">
        <requires>
            <import addon="xbmc.addon" version="12.0.0"/>
        </requires>
        <extension point="xbmc.addon.repository" name="[COLOR blue]Teverz Addon Repo[/COLOR]">
		<dir>
			<info compressed="false">https://raw.githubusercontent.com/noobsandnerds/modules4all/master/zips/addons.xml</info>
			<checksum>https://raw.githubusercontent.com/noobsandnerds/modules4all/master/zips/addons.xml.md5</checksum>
			<datadir zip="true">https://raw.githubusercontent.com/noobsandnerds/modules4all/master/zips/</datadir>
		</dir>
		<dir>
            <info compressed="false">https://raw.githubusercontent.com/teverz/teverz/master/_repo/addons.xml</info>
            <checksum>https://raw.githubusercontent.com/teverz/teverz/master/_repo/addons.xml.md5</checksum>
            <datadir zip="true">https://raw.githubusercontent.com/teverz/teverz/master/_repo/</datadir>
            <hashes>false</hashes>
		</dir>
		<dir>
		<info compressed="false">http://raw.githubusercontent.com/frenchdj/frenchdj.repository/master/addons.xml</info>
		<checksum>http://raw.githubusercontent.com/frenchdj/frenchdj.repository/master/addons.xml.md5</checksum>
		<datadir zip="true">http://raw.githubusercontent.com/frenchdj/frenchdj.repository/master/repo/</datadir>
		</dir>
		<dir>
			<info compressed="false">https://raw.githubusercontent.com/teverz/blamo/master/zips/addons.xml</info>
			<checksum>https://raw.githubusercontent.com/teverz/blamo/master/zips/addons.xml.md5</checksum>
			<datadir zip="true">https://raw.githubusercontent.com/teverz/blamo/master/zips/</datadir>		
		</dir>
		<dir>
		<info compressed="true">http://raw.githubusercontent.com/actionbronson/LazyMan/master/src/kodi/repository/addons.xml.gz</info>
      <checksum>http://raw.githubusercontent.com/actionbronson/LazyMan/master/src/kodi/repository/addons.xml.gz.md5</checksum>
      <datadir zip="true">http://raw.githubusercontent.com/actionbronson/LazyMan/master/src/kodi/repository/</datadir>
	  </dir>
		<dir>
			<info compressed="false">https://raw.githubusercontent.com/trademark13/tmbkodi.com-repo/master/addons.xml</info>
			<checksum>https://raw.githubusercontent.com/trademark13/tmbkodi.com-repo/master/addons.xml.md5</checksum>
			<datadir zip="true">https://raw.githubusercontent.com/trademark13/tmbkodi.com-repo/master/</datadir>		
		</dir>
		<dir>
			<info compressed="false">https://github.com/tvaddonsco/tva-resolvers-repo/raw/master/addons.xml</info>
			<checksum>https://github.com/tvaddonsco/tva-resolvers-repo/raw/master/addons.xml.md5</checksum>
			<datadir zip="true">https://github.com/tvaddonsco/tva-resolvers-repo/raw/master/zips/</datadir>
	    </dir>
		<dir>
			<info compressed="false">https://raw.githubusercontent.com/totalrevolution/python-koding/master/zips/addons.xml</info>
			<checksum>https://raw.githubusercontent.com/totalrevolution/python-koding/master/zips/addons.xml.md5</checksum>
			<datadir zip="true">https://raw.githubusercontent.com/totalrevolution/python-koding/master/zips/</datadir>
		</dir>
		<dir>
		    <info compressed="false">http://98476.theunjudged.com/Illuminati/addons.xml</info>
		    <checksum>http://98476.theunjudged.com/Illuminati/addons.xml.md5</checksum>
		    <datadir zip="true">http://98476.theunjudged.com/Illuminati/</datadir>
		</dir>
		<dir>
		<info compressed="false">https://raw.githubusercontent.com/marcelveldt/repository.marcelveldt/master/addons.xml</info>
		<checksum>https://raw.githubusercontent.com/marcelveldt/repository.marcelveldt/master/addons.xml.md5</checksum>
		<datadir zip="true">https://raw.githubusercontent.com/marcelveldt/repository.marcelveldt/master/</datadir>
		</dir>
		<dir minversion="14.0.0">
			<info compressed="false">https://github.com/OpenELEQ/repository.q/raw/master/openeleq-addons.xml</info>
			<checksum>https://github.com/OpenELEQ/repository.q/raw/master/openeleq-addons.xml.md5</checksum>
			<datadir zip="true">https://raw.github.com/OpenELEQ/repository.q/master/zips/</datadir>
		</dir>
		<dir compressed="true">
			<info compressed="false">https://raw.github.com/jdf76/repository/master/addons.xml</info>
			<checksum>https://raw.github.com/jdf76/repository/master/addons.xml.md5</checksum>
			<datadir zip="true">https://raw.github.com/jdf76/repository/master/zips/</datadir>
		</dir>
		<dir>
			<info compressed="false">https://raw.githubusercontent.com/jsergio123/zips/master/addons.xml</info>
			<checksum>https://raw.githubusercontent.com/jsergio123/zips/master/addons.xml.md5</checksum>
			<datadir zip="true">https://raw.githubusercontent.com/jsergio123/zips/master/</datadir>
		</dir>
        </extension>
        <extension point="xbmc.addon.metadata">
            <summary>Contains a crap load of stuff you might need</summary>
            <description>Teverz Repo</description>
            <platform>all</platform>
    </extension>
</addon>


