<?xml version="1.0" encoding="UTF-8"?>
    <addon id="repository.GenTec" name="[COLOR red]GenTec[/COLOR] [COLOR yellow]Repository[/COLOR]" version="1.1.1" provider-name="Charlie Tec">
        <requires>
            <import addon="xbmc.addon" version="12.0.0"/>
        </requires>
        <extension point="xbmc.addon.repository" name="GenTec">
            <info compressed="false">https://raw.githubusercontent.com/JACKEVOLVE/gentec/master/addons.xml</info>
            <checksum>https://raw.githubusercontent.com/JACKEVOLVE/gentec/master/addons.xml.md5</checksum>
            <datadir zip="true">https://raw.github.com/JACKEVOLVE/gentec/master/</datadir>
            <hashes>false</hashes>
        </extension>
        <extension point="xbmc.addon.metadata">
            <summary>Install My Addons</summary>
            <description>Download and install addons GenTec Builds</description>
            <platform>all</platform>
    </extension>
</addon>